{"graph": {"_type": "graph-file", "path": "media/graph/graph_summary_20a0bf5a.graph.json", "sha256": "20a0bf5a23051219d3ed5172aca92d4c9c796e7c4c9382261d8b0d95cc5be4a3", "size": 1545}, "_runtime": 20.087382793426514, "val_loss": 0.08767082782907384, "epoch": 9, "acc": 0.7802392840385437, "_timestamp": 1591065511.979433, "loss": 0.06404106023502286, "_step": 13, "val_acc": 0.7062750458717346, "best_val_loss": 0.08767082782907384, "best_epoch": 9, "train/keras": null, "global_step": 2, "train/global_step": 0, "chart": {"_type": "image-file", "path": "media/images/mmloc_bucharest_locprediction_9d51901c.png", "sha256": "9d51901c56da7136b44235ddf540b0f8ad8bb57078061220c00bbc644a840638", "size": 16087, "format": "png"}, "train/epoch_acc": 0.71267169713974, "train/epoch_loss": 0.14591503143310547, "train/batch_2": null}
