{"graph": {"_type": "graph-file", "path": "media/graph/graph_summary_e33a30f6.graph.json", "sha256": "e33a30f6642071f529716ae7a172b8da00c8e764f05cfb47b319a138d08f4099", "size": 1548}, "_runtime": 87.18446683883667, "val_loss": 0.09917928236667241, "epoch": 99, "acc": 0.88502436876297, "_timestamp": 1591066639.300823, "loss": 0.03220423922853814, "_step": 196, "val_acc": 0.6461949348449707, "best_val_loss": 0.0785159919266707, "best_epoch": 24, "train/keras": null, "global_step": 99, "train/global_step": 99, "train/epoch_acc": 0.88502436876297, "train/batch_2": null, "train/epoch_loss": 0.032204240560531616, "validation/epoch_loss": 0.09917928278446198, "validation/global_step": 99, "validation/epoch_acc": 0.6461949348449707, "chart": {"_type": "image-file", "path": "media/images/mmloc_bucharest_locprediction_876a3303.png", "sha256": "876a3303904571524ac5a75cd3ded63718426a987d53e6bd3bd8061ef8908dbd", "size": 18158, "format": "png"}}
