{"graph": {"_type": "graph-file", "path": "media/graph/graph_summary_194fa349.graph.json", "sha256": "194fa349360d3051e7bb7b04c1df3e11e5f81cfa3afa1bc38b75ade75c1b8a43", "size": 429}, "train/global_step": 9, "_timestamp": 1591100795.4213378, "_step": 22, "global_step": 9, "_runtime": 180.8825752735138, "val_loss": 0.09790203527677657, "epoch": 9, "loss": 0.09574118341382873, "val_acc": 0.708443284034729, "train/__run_graph__": null, "acc": 0.7232924699783325, "best_val_loss": 0.0929074519876597, "best_epoch": 7, "train/keras": null, "train/batch_2": null, "train/epoch_loss": 0.09574118256568909, "train/epoch_acc": 0.7232924699783325, "validation/global_step": 9, "validation/epoch_loss": 0.09790203720331192, "validation/epoch_acc": 0.708443284034729, "chart": {"_type": "image-file", "path": "media/images/mmloc_bucharest_locprediction_4fabf396.png", "sha256": "4fabf39659b0c61cab127a5dc32d576d8aea2fe3afbc16f1adf80f219e9f63be", "size": 14575, "format": "png"}}
