{"graph": {"_type": "graph-file", "path": "media/graph/graph_summary_20a0bf5a.graph.json", "sha256": "20a0bf5a23051219d3ed5172aca92d4c9c796e7c4c9382261d8b0d95cc5be4a3", "size": 1545}, "epoch": 33, "_timestamp": 1591013634.0145028, "val_acc": 0.6662216186523438, "_runtime": 50.75764560699463, "_step": 33, "acc": 0.8548958897590637, "loss": 0.040776434655296734, "val_loss": 0.08355933277605372, "best_val_loss": 0.07554756676919948, "best_epoch": 29}
