{"graph": {"_type": "graph-file", "path": "media/graph/graph_summary_449fd905.graph.json", "sha256": "449fd905ab9d47d5e4897cf28e77692b5468a0bcd41785ca4b4193039bc3032f", "size": 1164}, "epoch": 4, "acc": 0.10770577937364578, "_step": 11, "val_acc": 0.1372031718492508, "loss": 0.013601431326252357, "val_loss": 0.013604353843035672, "_timestamp": 1591191311.1727324, "_runtime": 16.4009370803833, "best_val_loss": 0.013604353843035672, "best_epoch": 4, "global_step": 4, "train/global_step": 4, "train/__run_graph__": null, "train/keras": null, "validation/epoch_acc": 0.1372031718492508, "train/epoch_acc": 0.10770577937364578, "train/epoch_loss": 0.013601431623101234, "train/batch_2": null, "validation/epoch_loss": 0.013604354113340378, "validation/global_step": 4}
