{"graph": {"_type": "graph-file", "path": "media/graph/graph_summary_22474cd6.graph.json", "sha256": "22474cd6bb8468e03f8dd8f64f5e30614bebeddf901d11d8dc10c7cf8a3e8ae1", "size": 429}, "train/global_step": 1, "_timestamp": 1591100880.342159, "_step": 7, "global_step": 2, "_runtime": 36.614946126937866, "val_loss": 0.0972681624574051, "epoch": 1, "loss": 0.10423591454397567, "val_acc": 0.7189973592758179, "train/__run_graph__": null, "acc": 0.721322238445282, "best_val_loss": 0.0972681624574051, "best_epoch": 1, "train/keras": null, "train/batch_2": null, "train/epoch_loss": 0.10423591732978821, "chart": {"_type": "image-file", "path": "media/images/mmloc_bucharest_locprediction_46b0c2b4.png", "sha256": "46b0c2b448ebcf281a417449e77c8a7d04ac64ad648673362e99861d0a105018", "size": 14141, "format": "png"}, "train/epoch_acc": 0.721322238445282, "validation/global_step": 1, "validation/epoch_loss": 0.09726816415786743, "validation/epoch_acc": 0.7189973592758179}
